'Nancy FreeHafer','N.F.'
'Andrew Cencici','A.C.'
'Jan Kotas','J.K.'
'Mariya Sergienko','M.S.'
'Launa Withers','L.W.'
'Launa Withers','L.W.'
'Launa Withers','L.W.'
'Lakenya Edison','L.E.'
'Lakenya Edison','L.E.'
'Lakenya Edison','L.E.'
'Brendan Hage','B.H.'
'Brendan Hage','B.H.'
'Brendan Hage','B.H.'
'Bradford Lango','B.L.'
'Bradford Lango','B.L.'
'Bradford Lango','B.L.'
'Rudolf Akiyama','R.A.'
'Rudolf Akiyama','R.A.'
'Rudolf Akiyama','R.A.'
'Lara Constable','L.C.'
'Lara Constable','L.C.'
'Lara Constable','L.C.'
'Madelaine Ghoston','M.G.'
'Madelaine Ghoston','M.G.'
'Madelaine Ghoston','M.G.'
'Salley Hornak','S.H.'
'Salley Hornak','S.H.'
'Salley Hornak','S.H.'
'Micha Junkin','M.J.'
'Micha Junkin','M.J.'
'Micha Junkin','M.J.'
'Teddy Bobo','T.B.'
'Teddy Bobo','T.B.'
'Teddy Bobo','T.B.'
'Coralee Scalia','C.S.'
'Coralee Scalia','C.S.'
'Coralee Scalia','C.S.'
'Jeff Quashie','J.Q.'
'Jeff Quashie','J.Q.'
'Jeff Quashie','J.Q.'
'Vena Babiarz','V.B.'
'Vena Babiarz','V.B.'
'Vena Babiarz','V.B.'
'Karrie Lain','K.L.'
'Karrie Lain','K.L.'
'Karrie Lain','K.L.'
'Tobias Dermody','T.D.'
'Tobias Dermody','T.D.'
'Tobias Dermody','T.D.'
'Celsa Hopkins','C.H.'
'Celsa Hopkins','C.H.'
'Celsa Hopkins','C.H.'
'Kimberley Halpern','K.H.'
'Kimberley Halpern','K.H.'
'Kimberley Halpern','K.H.'
'Phillip Rowden','P.R.'
'Phillip Rowden','P.R.'
'Phillip Rowden','P.R.'
'Elias Neil','E.N.'
'Elias Neil','E.N.'
'Elias Neil','E.N.'
'Lashanda Cortes','L.C.'
'Lashanda Cortes','L.C.'
'Lashanda Cortes','L.C.'
'Mackenzie Spell','M.S.'
'Mackenzie Spell','M.S.'
'Mackenzie Spell','M.S.'
'Kathlyn Eccleston','K.E.'
'Kathlyn Eccleston','K.E.'
'Kathlyn Eccleston','K.E.'
'Georgina Brescia','G.B.'
'Georgina Brescia','G.B.'
'Georgina Brescia','G.B.'
'Beata Miah','B.M.'
'Beata Miah','B.M.'
'Beata Miah','B.M.'
'Desiree Seamons','D.S.'
'Desiree Seamons','D.S.'
'Desiree Seamons','D.S.'
'Jeanice Soderstrom','J.S.'
'Jeanice Soderstrom','J.S.'
'Jeanice Soderstrom','J.S.'
'Mariel Jurgens','M.J.'
'Mariel Jurgens','M.J.'
'Mariel Jurgens','M.J.'
'Alida Bogle','A.B.'
'Alida Bogle','A.B.'
'Alida Bogle','A.B.'
'Jacqualine Olague','J.O.'
'Jacqualine Olague','J.O.'
'Jacqualine Olague','J.O.'
'Joaquin Clasen','J.C.'
'Joaquin Clasen','J.C.'
'Joaquin Clasen','J.C.'
'Samuel Richert','S.R.'
'Samuel Richert','S.R.'
'Samuel Richert','S.R.'
'Malissa Marcus','M.M.'
'Malissa Marcus','M.M.'
'Malissa Marcus','M.M.'
'Alaina Partida','A.P.'
'Alaina Partida','A.P.'
'Alaina Partida','A.P.'
'Trinidad Mulloy','T.M.'
'Trinidad Mulloy','T.M.'
'Trinidad Mulloy','T.M.'
'Carlene Garrard','C.G.'
'Carlene Garrard','C.G.'
'Carlene Garrard','C.G.'
'Melodi Chism','M.C.'
'Melodi Chism','M.C.'
'Melodi Chism','M.C.'
'Bess Chilcott','B.C.'
'Bess Chilcott','B.C.'
'Bess Chilcott','B.C.'
'Chong Aylward','C.A.'
'Chong Aylward','C.A.'
'Chong Aylward','C.A.'
'Jani Ramthun','J.R.'
'Jani Ramthun','J.R.'
'Jani Ramthun','J.R.'
'Jacquiline Heintz','J.H.'
'Jacquiline Heintz','J.H.'
'Jacquiline Heintz','J.H.'
'Hayley Marquess','H.M.'
'Hayley Marquess','H.M.'
'Hayley Marquess','H.M.'
'Andria Spagnoli','A.S.'
'Andria Spagnoli','A.S.'
'Andria Spagnoli','A.S.'
'Irwin Covelli','I.C.'
'Irwin Covelli','I.C.'
'Irwin Covelli','I.C.'
'Gertude Montiel','G.M.'
'Gertude Montiel','G.M.'
'Gertude Montiel','G.M.'
'Stefany Reily','S.R.'
'Stefany Reily','S.R.'
'Stefany Reily','S.R.'
'Rae Mcgaughey','R.M.'
'Rae Mcgaughey','R.M.'
'Rae Mcgaughey','R.M.'
'Cruz Latimore','C.L.'
'Cruz Latimore','C.L.'
'Cruz Latimore','C.L.'
'Maryann Casler','M.C.'
'Maryann Casler','M.C.'
'Maryann Casler','M.C.'
'Annalisa Gregori','A.G.'
'Annalisa Gregori','A.G.'
'Annalisa Gregori','A.G.'
'Jenee Pannell','J.P.'
'Jenee Pannell','J.P.'
'Jenee Pannell','J.P.'
'Launa Withers','L.W.'
'Lakenya Edison','L.E.'
'Brendan Hage','B.H.'
'Bradford Lango','B.L.'
'Rudolf Akiyama','R.A.'
'Lara Constable','L.C.'
'Madelaine Ghoston','M.G.'
'Salley Hornak','S.H.'
'Micha Junkin','M.J.'
'Teddy Bobo','T.B.'
'Coralee Scalia','C.S.'
'Jeff Quashie','J.Q.'
'Vena Babiarz','V.B.'
'Karrie Lain','K.L.'
'Tobias Dermody','T.D.'
'Celsa Hopkins','C.H.'
'Kimberley Halpern','K.H.'
'Phillip Rowden','P.R.'
'Elias Neil','E.N.'
'Lashanda Cortes','L.C.'
'Mackenzie Spell','M.S.'
'Kathlyn Eccleston','K.E.'
'Georgina Brescia','G.B.'
'Beata Miah','B.M.'
'Desiree Seamons','D.S.'
'Jeanice Soderstrom','J.S.'
'Mariel Jurgens','M.J.'
'Alida Bogle','A.B.'
'Jacqualine Olague','J.O.'
'Joaquin Clasen','J.C.'
'Samuel Richert','S.R.'
'Malissa Marcus','M.M.'
'Alaina Partida','A.P.'
'Trinidad Mulloy','T.M.'
'Carlene Garrard','C.G.'
'Melodi Chism','M.C.'
'Bess Chilcott','B.C.'
'Chong Aylward','C.A.'
'Jani Ramthun','J.R.'
'Jacquiline Heintz','J.H.'
'Hayley Marquess','H.M.'
'Andria Spagnoli','A.S.'
'Irwin Covelli','I.C.'
'Gertude Montiel','G.M.'
'Stefany Reily','S.R.'
'Rae Mcgaughey','R.M.'
'Cruz Latimore','C.L.'
'Maryann Casler','M.C.'
'Annalisa Gregori','A.G.'
'Jenee Pannell','J.P.'
